City_ID,City,Country,Lat,Lng,Max Temp,Humidity,Cloudiness,Wind Speed,Current Description
0,Tasiilaq,GL,65.6145,-37.6368,24.8,58,75,3.44,broken clouds
1,Butaritari,KI,3.0707,172.7902,81.21,82,83,16.71,light rain
2,Severo-Kurilsk,RU,50.6789,156.125,11.59,82,42,5.97,scattered clouds
3,Tuktoyaktuk,CA,69.4541,-133.0374,-25.6,75,75,14.97,snow
4,Port Alfred,ZA,-33.5906,26.891,70.0,94,94,16.22,overcast clouds
5,Barrow,US,71.2906,-156.7887,-2.2,78,90,11.5,snow
6,Rizhao,CN,35.4275,119.4553,40.69,74,0,9.66,clear sky
7,Dikson,RU,73.5069,80.5464,-33.79,83,4,10.13,clear sky
8,Nikolskoye,RU,59.7035,30.7861,12.0,78,75,11.18,light snow
9,Qaanaaq,GL,77.484,-69.3632,-8.28,75,100,8.39,overcast clouds
10,Saskylakh,RU,71.9167,114.0833,-25.58,85,94,7.92,overcast clouds
11,Albany,US,42.6001,-73.9662,42.01,59,90,3.94,overcast clouds
12,Mayumba,GA,-3.432,10.6554,78.98,82,56,3.24,broken clouds
13,Hermanus,ZA,-34.4187,19.2345,68.0,84,6,1.01,clear sky
14,Victoria,HK,22.2855,114.1577,64.99,77,0,4.03,clear sky
15,Namatanai,PG,-3.6667,152.4333,76.98,91,100,13.18,moderate rain
16,Mataura,NZ,-46.1927,168.8643,63.16,62,30,0.83,scattered clouds
17,Narsaq,GL,60.9167,-46.05,19.4,45,1,1.14,clear sky
18,Longyearbyen,SJ,78.2186,15.6401,21.2,86,90,18.41,light snow
19,Carupano,VE,10.6678,-63.2585,79.92,70,64,14.41,broken clouds
20,Bluff,NZ,-46.6,168.3333,57.07,78,34,3.42,scattered clouds
21,Ushuaia,AR,-54.8,-68.3,48.2,71,75,31.07,broken clouds
22,Ulladulla,AU,-35.35,150.4667,71.01,100,75,11.86,broken clouds
23,Mehamn,NO,71.0357,27.8492,32.0,59,75,23.02,snow
24,Pevek,RU,69.7008,170.3133,-17.81,86,50,0.92,scattered clouds
25,Ribeira Grande,PT,38.5167,-28.7,59.0,77,75,13.8,broken clouds
26,Busselton,AU,-33.65,115.3333,57.99,78,100,1.01,overcast clouds
27,Mpika,ZM,-11.8343,31.4529,63.95,96,100,3.53,light rain
28,Punta Arenas,CL,-53.15,-70.9167,57.2,38,0,25.32,clear sky
29,Atuona,PF,-9.8,-139.0333,79.5,79,6,18.14,clear sky
30,Cururupu,BR,-1.8283,-44.8683,80.02,72,33,5.19,scattered clouds
31,Tiksi,RU,71.6872,128.8694,-20.85,88,100,11.99,overcast clouds
32,Seddon,AU,-37.8068,144.8916,64.99,72,75,8.05,broken clouds
33,Upernavik,GL,72.7868,-56.1549,5.43,74,91,4.34,overcast clouds
34,Hobart,AU,-42.8794,147.3294,66.0,94,75,5.75,broken clouds
35,Bira,RU,49.0,132.4667,-9.81,85,45,3.78,scattered clouds
36,Karatau,KZ,43.1667,70.4667,39.22,65,100,5.28,overcast clouds
37,Qui Nhon,VN,13.7667,109.2333,69.4,88,30,7.94,scattered clouds
38,Mahebourg,MU,-20.4081,57.7,78.8,78,40,6.91,light rain
39,Bambous Virieux,MU,-20.3428,57.7575,78.8,78,40,6.91,light rain
40,Kapaa,US,22.0752,-159.319,72.0,60,1,3.44,clear sky
41,Taltal,CL,-25.4,-70.4833,69.33,62,36,6.85,scattered clouds
42,New Norfolk,AU,-42.7826,147.0587,66.0,92,100,1.01,overcast clouds
43,Ponta Do Sol,PT,32.6667,-17.1,50.0,70,29,5.01,scattered clouds
44,Kavieng,PG,-2.5744,150.7967,80.64,77,99,8.95,overcast clouds
45,Okhotsk,RU,59.3833,143.3,-1.79,86,99,8.21,overcast clouds
46,Clyde River,CA,70.4692,-68.5914,-16.6,76,90,13.8,overcast clouds
47,Dudinka,RU,69.4058,86.1778,-29.18,84,98,6.24,overcast clouds
48,Bredasdorp,ZA,-34.5322,20.0403,68.0,83,15,3.44,few clouds
49,Saint Anthony,US,45.0205,-93.218,10.99,56,40,16.11,scattered clouds
50,Vaini,TO,-21.2,-175.2,82.4,89,75,3.44,light rain
51,Kaeo,NZ,-35.1,173.7833,69.01,85,100,3.49,overcast clouds
52,Saint-Philippe,RE,-21.3585,55.7679,78.8,65,0,4.61,light rain
53,Manono,CD,-7.3,27.4167,73.06,89,100,1.12,overcast clouds
54,Camacha,PT,33.0833,-16.3333,57.2,67,40,17.27,scattered clouds
55,Lata,PT,40.1629,-8.3327,52.0,92,100,1.01,light rain
56,Gamboma,CG,-1.8764,15.8644,80.87,59,91,2.15,overcast clouds
57,Kedrovyy,RU,56.1667,91.8167,-0.4,85,97,2.24,overcast clouds
58,Terrace,CA,54.5163,-128.6035,32.0,100,90,5.75,overcast clouds
59,Guadix,ES,37.2993,-3.1392,53.01,72,93,3.0,overcast clouds
60,Pulandian,CN,39.3953,121.9669,33.8,64,0,2.24,clear sky
61,Ahipara,NZ,-35.1667,173.1667,68.49,72,100,4.03,overcast clouds
62,Acapulco,MX,16.8634,-99.8901,84.2,70,1,5.75,clear sky
63,Dhidhdhoo,MV,6.8833,73.1,81.7,72,94,8.59,overcast clouds
64,Arraial Do Cabo,BR,-22.9661,-42.0278,78.8,83,75,10.36,light rain
65,Lompoc,US,34.6391,-120.4579,62.6,55,1,11.5,clear sky
66,Touros,BR,-5.1989,-35.4608,84.2,61,0,11.5,clear sky
67,Hima,UG,0.2958,30.1804,74.14,52,97,0.98,overcast clouds
68,Saint George,US,37.1041,-113.5841,54.0,31,1,8.28,clear sky
69,Rikitea,PF,-23.1203,-134.9692,79.0,68,1,10.67,clear sky
70,Khatanga,RU,71.9667,102.5,-33.2,78,13,7.56,few clouds
71,Faanui,PF,-16.4833,-151.75,81.25,65,3,4.79,clear sky
72,Broken Hill,AU,-31.95,141.4333,60.8,63,0,9.22,clear sky
73,Klyuchi,RU,52.2667,79.1667,28.76,99,100,5.61,overcast clouds
74,Manokwari,ID,-0.8667,134.0833,77.9,73,97,4.36,overcast clouds
75,Torbay,CA,47.6666,-52.7314,37.99,100,75,25.32,broken clouds
76,Maldonado,UY,-34.6667,-54.9167,71.01,68,75,12.66,broken clouds
77,Sakakah,SA,29.9697,40.2064,55.4,76,20,8.05,few clouds
78,Souillac,MU,-20.5167,57.5167,78.8,78,40,6.91,light rain
79,Prince Rupert,CA,54.3161,-130.3201,39.2,75,1,3.44,clear sky
80,Mmathubudukwane,BW,-24.6,26.4333,68.0,100,90,2.3,light rain
81,Nanakuli,US,21.3906,-158.1547,73.4,56,75,4.61,broken clouds
82,Ojinaga,MX,29.5667,-104.4167,69.8,17,1,6.91,clear sky
83,Yellowknife,CA,62.456,-114.3525,-31.0,68,20,9.22,few clouds
84,Hilo,US,19.7297,-155.09,73.4,73,75,3.44,light rain
85,Castro,BR,-24.7911,-50.0119,71.98,61,0,3.65,clear sky
86,Klaksvik,FO,62.2266,-6.589,33.8,86,75,4.61,broken clouds
87,Carutapera,BR,-1.195,-46.02,80.53,72,77,8.48,broken clouds
88,Birin,NP,26.8865,88.0718,47.23,67,0,5.44,clear sky
89,Thompson,CA,55.7435,-97.8558,-13.0,64,75,10.36,snow
90,Quatre Cocos,MU,-20.2078,57.7625,78.8,78,40,6.91,light rain
91,Ayan,RU,56.45,138.1667,-11.4,80,98,10.8,overcast clouds
92,Geraldton,AU,-28.7667,114.6,62.6,88,90,17.27,moderate rain
93,Chokurdakh,RU,70.6333,147.9167,-10.44,89,100,14.16,overcast clouds
94,Atasu,KZ,48.6814,71.6433,29.1,97,98,6.13,overcast clouds
95,Georgetown,MY,5.4112,100.3354,82.4,78,20,3.44,few clouds
96,Mar Del Plata,AR,-38.0023,-57.5575,75.2,46,0,9.22,clear sky
97,Saint-Pierre,RE,-21.3393,55.4781,78.8,65,0,4.61,clear sky
98,Quimperle,FR,47.8667,-3.55,44.01,87,0,5.75,clear sky
99,Jamestown,US,42.097,-79.2353,26.01,68,90,21.85,light snow
100,Kahului,US,20.8947,-156.47,69.8,73,20,3.44,few clouds
101,Sao Joao Da Barra,BR,-21.6403,-41.0511,82.4,65,0,11.5,clear sky
102,Benavente,ES,42.0025,-5.6783,48.0,81,20,9.22,few clouds
103,Leningradskiy,RU,69.3833,178.4167,-12.98,87,98,7.65,overcast clouds
104,Codrington,AU,-38.2667,141.9667,56.44,87,25,12.77,scattered clouds
105,Labuhan,ID,-6.8844,112.2051,77.27,86,97,10.0,overcast clouds
106,Carnarvon,AU,-24.8667,113.6333,80.6,79,90,23.02,overcast clouds
107,Cape Town,ZA,-33.9258,18.4232,70.0,83,0,13.8,clear sky
108,Tura,IN,25.5198,90.2201,61.54,44,0,3.15,clear sky
109,Solton,RU,52.8429,86.4787,24.44,98,100,3.33,light snow
110,Deogarh,IN,21.5333,84.7333,54.72,74,0,1.54,clear sky
111,Cherskiy,RU,68.75,161.3,-17.28,77,0,1.48,clear sky
112,Vardo,NO,70.3705,31.1107,28.4,80,75,18.41,light snow
113,Puerto Ayora,EC,-0.7393,-90.3518,87.8,62,0,5.75,clear sky
114,Atocha,BO,-20.9333,-66.2333,59.22,48,100,5.68,overcast clouds
115,Shimoda,JP,34.6667,138.95,46.0,44,24,3.0,few clouds
116,Ambilobe,MG,-13.2,49.05,75.04,91,79,2.55,light rain
117,Lebu,CL,-37.6167,-73.65,64.81,72,10,12.17,clear sky
118,Leninskoye,KZ,41.7589,69.3864,51.8,25,0,11.5,clear sky
119,Spencer,US,43.1414,-95.1444,12.2,67,75,23.02,broken clouds
120,Ancud,CL,-41.8697,-73.8203,84.2,28,0,17.27,clear sky
121,Viradouro,BR,-20.8731,-48.2969,75.2,83,75,16.11,broken clouds
122,Comodoro Rivadavia,AR,-45.8667,-67.5,66.2,52,0,14.97,clear sky
123,Namibe,AO,-15.1961,12.1522,72.41,74,53,1.99,broken clouds
124,Margate,GB,51.3813,1.3862,46.99,86,1,4.0,clear sky
125,Leshukonskoye,RU,64.8989,45.7622,-11.9,87,96,10.13,overcast clouds
126,Bethel,US,41.3712,-73.414,41.0,75,40,3.44,scattered clouds
127,Budingen,DE,50.3,9.1167,44.01,95,100,3.04,overcast clouds
128,Cidreira,BR,-30.1811,-50.2056,71.91,66,10,16.62,clear sky
129,Baculin,PH,7.4525,126.5842,76.15,79,51,6.53,broken clouds
130,Kruisfontein,ZA,-34.0033,24.7314,73.0,80,25,4.0,scattered clouds
131,Sao Filipe,CV,14.8961,-24.4956,70.39,75,50,16.55,scattered clouds
132,Preobrazheniye,RU,42.9019,133.9064,24.35,92,76,6.6,broken clouds
133,Halifax,CA,44.6453,-63.5724,37.4,60,75,11.5,light rain
134,Mbandaka,CD,0.0487,18.2603,78.28,64,67,4.25,broken clouds
135,Matay,EG,28.419,30.7792,56.62,77,0,8.93,clear sky
136,Kodiak,US,57.79,-152.4072,28.4,86,90,4.99,overcast clouds
137,Ostrovnoy,RU,68.0531,39.5131,12.31,92,100,11.92,overcast clouds
138,Lavrentiya,RU,65.5833,-171.0,2.07,92,100,16.28,light snow
139,Katsuura,JP,35.1333,140.3,42.8,65,75,9.22,broken clouds
140,Bani,DO,18.2833,-70.3333,86.0,62,40,11.5,scattered clouds
141,Mlonggo,ID,-6.5333,110.7,78.73,83,91,13.82,overcast clouds
142,Belyy Yar,RU,53.6039,91.3903,3.2,85,98,2.17,smoke
143,Srednekolymsk,RU,67.45,153.6833,-23.58,85,7,3.42,clear sky
144,Henties Bay,NA,-22.116,14.2845,64.99,89,34,3.0,scattered clouds
145,Beloha,MG,-25.1667,45.05,76.17,89,88,3.13,overcast clouds
146,Cabo San Lucas,MX,22.8909,-109.9124,82.0,29,20,8.05,few clouds
147,Salym,RU,60.0625,71.4789,21.65,98,100,6.89,overcast clouds
148,Hasaki,JP,35.7333,140.8333,35.6,93,75,4.61,broken clouds
149,Esperance,AU,-33.8667,121.9,57.2,94,40,5.75,light rain
150,Aparecida Do Taboado,BR,-20.0867,-51.0936,81.5,65,36,10.33,scattered clouds
151,Barranquilla,CO,10.9639,-74.7964,87.8,62,20,8.05,few clouds
152,Paamiut,GL,61.994,-49.6678,20.75,78,0,8.55,clear sky
153,Vaitape,PF,-16.5167,-151.75,81.46,64,1,5.41,clear sky
154,Mount Gambier,AU,-37.8333,140.7667,53.6,100,75,8.05,broken clouds
155,Bonavista,CA,48.6499,-53.1147,37.4,100,100,5.75,overcast clouds
156,Diu,IN,20.7141,70.9822,66.02,34,0,12.91,clear sky
157,Wageningen,NL,51.9667,5.6667,46.99,100,90,4.61,mist
158,Qianan,CN,44.9932,124.0581,11.84,93,100,5.84,overcast clouds
159,Salalah,OM,17.0151,54.0924,75.2,60,40,8.05,scattered clouds
160,Tabuk,PH,17.4189,121.4443,66.52,88,26,0.81,scattered clouds
161,Dargaville,NZ,-35.9333,173.8833,68.4,66,100,5.64,overcast clouds
162,Salinopolis,BR,-0.6136,-47.3561,81.95,75,90,11.48,overcast clouds
163,Saldanha,ZA,-33.0117,17.9442,64.4,77,0,10.36,clear sky
164,Port Elizabeth,ZA,-33.918,25.5701,69.8,94,90,9.22,overcast clouds
165,Lima,PE,-12.0432,-77.0282,75.99,73,75,12.66,broken clouds
166,Ulaangom,MN,49.9811,92.0667,-7.87,86,99,0.4,overcast clouds
167,Guaratinga,BR,-16.5667,-39.5667,82.4,69,20,19.57,few clouds
168,Along,IN,28.1667,94.7667,50.49,60,1,2.21,clear sky
169,Porto Novo,BJ,6.4965,2.6036,86.0,79,20,11.5,few clouds
170,Egvekinot,RU,66.3167,-179.1667,-9.98,93,100,18.81,snow
171,Nagornskiy,RU,58.7731,57.5451,35.01,100,100,13.18,overcast clouds
172,Saint-Georges,GD,12.0564,-61.7485,84.2,61,20,23.02,few clouds
173,Bathsheba,BB,13.2167,-59.5167,80.6,57,40,23.02,scattered clouds
174,Nhulunbuy,AU,-12.2333,136.7667,77.0,94,90,5.75,light rain
175,The Valley,AI,18.217,-63.0578,82.4,65,20,16.11,few clouds
176,Clifton,US,40.8584,-74.1638,46.4,65,1,3.44,clear sky
177,Ilo,PE,-17.6394,-71.3375,71.04,75,67,4.68,broken clouds
178,Hithadhoo,MV,-0.6,73.0833,82.58,76,99,10.92,overcast clouds
179,Grand Gaube,MU,-20.0064,57.6608,78.01,78,6,4.0,moderate rain
180,Tuatapere,NZ,-46.1333,167.6833,62.01,74,80,2.06,broken clouds
181,Haines Junction,CA,60.7522,-137.5108,-16.6,52,100,1.79,overcast clouds
182,Kanina,CD,-10.7341,25.4699,64.49,87,100,0.98,light rain
183,Denpasar,ID,-8.65,115.2167,78.8,89,75,6.91,light rain
184,Lunca Corbului,RO,44.7,24.75,40.59,82,7,3.02,clear sky
185,Madison Heights,US,42.4859,-83.1052,19.99,63,90,16.11,overcast clouds
186,Lasa,IT,46.6166,10.7002,39.0,86,0,3.27,clear sky
187,Iqaluit,CA,63.7506,-68.5145,23.0,80,75,26.46,snow
188,Bismil,TR,37.8486,40.6658,41.0,100,0,6.08,clear sky
189,Adrar,MR,20.5022,-10.0711,65.97,27,19,10.69,few clouds
190,Voi,KE,-3.3945,38.563,73.27,83,5,4.5,clear sky
191,Caravelas,BR,-17.7125,-39.2481,80.4,79,98,15.28,overcast clouds
192,Glendive,US,47.1053,-104.7125,16.0,73,75,13.8,light snow
193,Pahrump,US,36.2083,-115.9839,62.01,25,0,1.01,clear sky
194,Sola,VU,-13.8833,167.55,81.01,79,74,9.08,broken clouds
195,Sabya,SA,17.1495,42.6254,77.0,78,43,6.91,scattered clouds
196,Ilulissat,GL,69.2167,-51.1,8.6,40,1,9.22,clear sky
197,Murgab,TM,37.4966,61.9714,51.8,40,40,6.91,scattered clouds
198,Turiacu,BR,-1.6633,-45.3717,80.8,69,62,6.87,broken clouds
199,Nassau,US,40.7507,-73.5829,45.0,70,1,8.05,clear sky
200,Buin,CL,-33.7333,-70.75,78.01,50,0,8.05,clear sky
201,Salacgriva,LV,57.7536,24.3581,3.99,90,62,8.72,broken clouds
202,Abong Mbang,CM,3.9833,13.1833,72.93,29,100,1.54,overcast clouds
203,Mercedes,AR,-34.6515,-59.4307,87.01,42,0,5.01,clear sky
204,Port Pirie,AU,-33.1833,138.0167,64.4,72,90,10.36,overcast clouds
205,Hammerfest,NO,70.6634,23.6821,28.4,86,75,26.46,snow
206,Yulara,AU,-25.2406,130.9889,66.2,34,0,8.05,clear sky
207,Valdivia,CL,-39.8142,-73.2459,80.6,50,0,10.36,clear sky
208,Provideniya,RU,64.3833,-173.3,6.76,90,100,15.5,overcast clouds
209,San Policarpo,PH,12.1791,125.5072,80.22,83,86,10.22,overcast clouds
210,Roma,US,43.2128,-75.4557,37.4,75,90,6.91,light rain
211,Sur,OM,22.5667,59.5289,63.91,68,0,5.77,clear sky
212,Vangaindrano,MG,-23.35,47.6,77.59,87,99,6.13,overcast clouds
213,Olafsvik,IS,64.8945,-23.7142,38.14,76,100,23.49,overcast clouds
214,Banposh,IN,22.25,84.8,57.11,42,0,1.83,clear sky
215,Lyuban,BY,52.7985,28.0048,12.02,96,51,8.21,broken clouds
216,Kollam,IN,8.8833,76.6,80.6,74,20,8.25,mist
217,Ballina,AU,-28.8667,153.5667,69.8,94,75,1.14,broken clouds
218,Pandan,PH,14.0453,124.1694,77.86,87,81,8.68,broken clouds
219,Havre-Saint-Pierre,CA,50.2334,-63.5986,33.8,86,90,10.36,overcast clouds
220,Yumen,CN,40.2833,97.2,30.56,73,100,21.39,overcast clouds
221,Mount Isa,AU,-20.7333,139.5,80.6,69,90,13.8,overcast clouds
222,Kaitangata,NZ,-46.2817,169.8464,57.0,75,70,5.99,broken clouds
223,Verkhnevilyuysk,RU,63.4453,120.3167,-42.3,80,30,3.15,scattered clouds
224,Emba,KZ,48.8264,58.1442,32.68,94,100,14.32,overcast clouds
225,Vostok,RU,46.4856,135.8833,-0.83,93,100,2.8,overcast clouds
226,Belem De Sao Francisco,BR,-8.7539,-38.9658,92.23,31,96,7.43,overcast clouds
227,Slave Lake,CA,55.2834,-114.769,-11.2,64,20,13.8,few clouds
228,Havoysund,NO,70.9963,24.6622,32.0,64,75,21.85,light snow
229,Chuy,UY,-33.6971,-53.4616,67.84,68,24,13.29,few clouds
230,Avarua,CK,-21.2078,-159.775,84.2,70,20,9.22,few clouds
231,Basco,PH,20.4487,121.9702,72.72,78,97,14.83,overcast clouds
232,Simao,CN,22.7886,100.9748,51.3,85,12,1.23,few clouds
233,Norman Wells,CA,65.282,-126.8329,-25.6,68,75,11.5,snow
234,Vieques,PR,18.425,-65.8329,84.2,61,40,17.27,scattered clouds
235,Lorengau,PG,-2.0226,147.2712,80.17,77,100,1.7,overcast clouds
236,Dawei,MM,14.0833,98.2,70.23,62,0,3.44,clear sky
237,Fushun,CN,41.8558,123.9233,21.2,86,59,2.24,mist
238,Kupang,ID,-10.1667,123.5833,78.94,85,100,8.55,overcast clouds
239,Castellarano,IT,44.5131,10.7329,46.0,52,97,25.32,overcast clouds
240,Sibolga,ID,1.7427,98.7792,75.7,82,100,3.56,overcast clouds
241,Goderich,CA,43.7501,-81.7165,21.2,79,100,23.02,overcast clouds
242,Ocampo,MX,21.65,-101.5,76.91,15,0,16.11,clear sky
243,Shikohabad,IN,27.1,78.6,53.17,61,0,5.66,clear sky
244,Karasjok,NO,69.4719,25.5112,26.6,86,75,18.41,light snow
245,Tefe,BR,-3.3542,-64.7114,78.8,94,75,5.75,broken clouds
246,Ahuimanu,US,21.4447,-157.8378,73.4,64,20,6.91,few clouds
247,Half Moon Bay,US,37.4636,-122.4286,64.0,67,1,5.75,clear sky
248,Brae,GB,60.3964,-1.353,32.0,55,75,21.85,broken clouds
249,Hanmer Springs,NZ,-42.5167,172.8167,61.16,42,100,2.55,overcast clouds
250,Roros,NO,62.5747,11.3842,-7.6,71,40,1.14,scattered clouds
251,Kearney,US,40.6995,-99.0815,33.8,80,1,11.5,clear sky
252,Dubbo,AU,-32.25,148.6167,69.8,94,90,6.91,overcast clouds
253,Port Moresby,PG,-9.4431,147.1797,73.4,100,20,6.91,few clouds
254,Saint-Leu,RE,-21.15,55.2833,77.0,55,38,4.83,scattered clouds
255,Skibbereen,IE,51.55,-9.2667,41.0,87,75,9.22,broken clouds
256,Samarai,PG,-10.6167,150.6667,81.63,77,12,3.47,few clouds
257,Tadine,NC,-21.55,167.8833,79.5,79,0,7.83,clear sky
258,Payson,US,40.0444,-111.7321,37.99,52,90,9.22,overcast clouds
259,Talnakh,RU,69.4865,88.3972,-26.39,84,93,5.1,overcast clouds
260,Sioux Lookout,CA,50.1001,-91.917,-4.0,71,90,11.5,snow
261,Heyang,CN,26.1011,107.473,47.41,87,70,0.89,broken clouds
262,Asfi,MA,32.2994,-9.2372,57.61,73,100,5.86,overcast clouds
263,Bud,US,39.447,-86.1758,32.0,71,100,18.1,overcast clouds
264,Sitka,US,57.0531,-135.33,35.6,93,90,4.61,light rain
265,Inta,RU,66.0317,60.1659,-7.35,90,95,11.36,overcast clouds
266,Huntingdon,GB,52.3305,-0.1865,44.01,91,85,7.07,overcast clouds
267,Berdigestyakh,RU,62.0989,126.6992,-41.31,78,38,3.47,scattered clouds
268,Cambridge,CA,43.3601,-80.3127,18.0,79,90,23.02,light snow
269,Visnes,NO,59.3556,5.2242,28.0,62,0,3.44,clear sky
270,Zhigansk,RU,66.7697,123.3711,-42.23,75,68,3.62,broken clouds
271,Zeya,RU,53.75,127.2667,-20.45,81,90,1.36,overcast clouds
272,Hami,CN,42.8,93.45,29.19,85,99,2.82,overcast clouds
273,Te Anau,NZ,-45.4167,167.7167,62.65,76,79,0.98,broken clouds
274,Ferrandina,IT,40.5012,16.4547,57.2,88,90,4.61,overcast clouds
275,Vidim,RU,56.4088,103.1106,1.96,93,100,5.53,overcast clouds
276,Igbo Ora,NG,7.4333,3.2833,81.66,74,34,8.41,scattered clouds
277,Padang,ID,-0.9492,100.3543,75.2,94,90,2.3,overcast clouds
278,Dayong,CN,25.0209,118.2898,57.2,94,2,1.88,mist
279,Zhigalovo,RU,54.8097,105.1578,2.44,91,100,3.29,overcast clouds
280,San Patricio,US,28.017,-97.5169,64.4,55,90,10.36,overcast clouds
281,Airai,TL,-8.9266,125.4092,61.86,100,100,3.94,overcast clouds
282,Nanortalik,GL,60.1432,-45.2371,20.44,75,0,3.09,clear sky
283,Hay River,CA,60.8156,-115.7999,-23.8,69,100,10.36,overcast clouds
284,Hamilton,US,39.1834,-84.5333,37.0,51,90,19.57,overcast clouds
285,Sar-E Pul,AF,35.8333,66.1667,42.06,45,97,8.68,overcast clouds
286,Liberal,US,37.0431,-100.921,48.2,31,1,6.91,clear sky
287,Gazanjyk,TM,39.2446,55.5154,58.44,37,100,12.64,overcast clouds
288,Viedma,AR,-40.8135,-62.9967,102.0,17,0,10.94,clear sky
289,Terra Santa,BR,-2.1042,-56.4869,92.25,46,5,2.91,clear sky
290,Ewa Beach,US,21.3156,-158.0072,73.4,56,75,4.61,broken clouds
291,Treinta Y Tres,UY,-33.2333,-54.3833,69.89,63,1,10.09,clear sky
292,Tianpeng,CN,30.9866,103.9393,45.0,81,0,0.58,clear sky
293,Balkanabat,TM,39.5108,54.3671,56.62,55,100,11.88,overcast clouds
294,Faya,SA,18.3851,42.4509,57.2,50,20,17.27,few clouds
295,Fairbanks,US,64.8378,-147.7164,-8.0,76,20,2.24,few clouds
296,Igrim,RU,63.1906,64.4162,3.11,94,100,7.61,light snow
297,Vila Velha,BR,-20.3297,-40.2925,88.0,74,75,18.41,broken clouds
298,Kandava,LV,57.0409,22.7747,13.33,96,47,5.73,scattered clouds
299,Lincoln,US,40.8,-96.667,27.0,54,75,5.75,broken clouds
300,Makakilo City,US,21.3469,-158.0858,73.4,56,75,4.61,broken clouds
301,Hambantota,LK,6.1241,81.1185,77.56,75,100,14.72,overcast clouds
302,Lagoa,PT,39.05,-27.9833,58.35,86,100,16.69,overcast clouds
303,Uttaradit,TH,17.6667,100.5,66.99,99,3,2.33,clear sky
304,Pella,RU,59.7775,30.8181,12.0,78,75,11.18,snow
305,Voh,NC,-20.9667,164.7,79.66,78,18,2.42,few clouds
306,Srandakan,ID,-7.9386,110.2506,75.47,87,75,5.12,broken clouds
307,Shache,CN,38.4167,77.2406,27.79,83,0,2.19,clear sky
308,Pisco,PE,-13.7,-76.2167,78.8,61,0,14.97,clear sky
309,Lano,NG,10.1725,11.4715,74.21,22,0,8.72,clear sky
310,Coihaique,CL,-45.5752,-72.0662,86.0,30,0,8.05,clear sky
311,Laguna,US,38.421,-121.4238,62.01,51,1,3.89,clear sky
312,Yerbogachen,RU,61.2767,108.0108,-9.09,90,100,2.86,overcast clouds
313,Santa Cruz,BO,-17.8,-63.1667,89.6,37,40,11.5,scattered clouds
314,San Quintin,MX,30.4833,-115.95,62.02,62,0,10.78,clear sky
315,Kurduvadi,IN,18.0833,75.4333,69.93,33,0,5.75,clear sky
316,Maceio,BR,-9.6658,-35.7353,82.4,74,0,16.11,clear sky
317,East London,ZA,-33.0153,27.9116,73.47,87,100,10.69,light rain
318,Rio Gallegos,AR,-51.6226,-69.2181,64.4,20,40,27.63,scattered clouds
319,Mazatlan,MX,23.2167,-106.4167,77.0,61,1,8.05,clear sky
320,Belle Fourche,US,44.6714,-103.8522,30.0,68,40,9.22,scattered clouds
321,Soverato,IT,38.685,16.5499,59.0,93,86,6.91,overcast clouds
322,Deputatskiy,RU,69.3,139.9,-30.42,86,83,0.83,broken clouds
323,Gamba,GA,-2.65,10.0,78.4,87,99,2.46,overcast clouds
324,New Kensington,US,40.5698,-79.7648,34.0,69,100,7.0,overcast clouds
325,Puerto Rondon,CO,6.2805,-71.1,89.17,53,99,9.71,overcast clouds
326,Aykhal,RU,66.0,111.5,-34.69,80,45,3.65,scattered clouds
327,La Ronge,CA,55.1001,-105.2842,-18.4,57,92,10.36,overcast clouds
328,Tupiza,BO,-21.45,-65.7167,70.74,40,100,15.66,overcast clouds
329,Kununurra,AU,-15.7667,128.7333,77.0,64,40,10.69,scattered clouds
330,Ixtapa,MX,20.7,-105.2,75.2,69,1,10.36,clear sky
331,Sarankhola,BD,22.3082,89.7897,60.28,64,0,4.38,clear sky
332,Seoul,KR,37.5683,126.9778,39.2,75,75,5.75,broken clouds
333,Volchikha,RU,52.0333,80.3833,23.47,98,91,5.1,overcast clouds
334,Kupiskis,LT,55.8333,24.9667,5.63,95,86,4.36,overcast clouds
335,Launceston,AU,-41.45,147.1667,64.4,94,90,8.05,overcast clouds
336,Santa Maria,BR,-29.6842,-53.8069,75.2,53,75,6.91,broken clouds
337,Mayor Pablo Lagerenza,PY,-19.9309,-60.7718,91.08,30,43,11.12,scattered clouds
338,Royan,FR,45.6285,-1.0281,50.0,100,90,9.22,overcast clouds
339,Neuquen,AR,-38.9516,-68.0591,98.6,18,0,2.3,clear sky
340,Pangody,RU,65.85,74.4859,-15.7,89,100,8.55,overcast clouds
341,Gat,IL,31.61,34.7642,61.0,100,43,1.99,scattered clouds
342,Kangaatsiaq,GL,68.3065,-53.4641,9.03,82,56,10.42,broken clouds
343,Pringsewu,ID,-5.3582,104.9744,73.11,94,94,2.66,overcast clouds
344,Decatur,US,39.8403,-88.9548,33.01,59,75,17.27,broken clouds
345,Anloga,GH,5.7947,0.8973,84.2,84,20,11.5,few clouds
346,Bowen,AU,-20.0167,148.2333,73.4,100,93,4.61,overcast clouds
347,Xining,CN,36.6167,101.7667,20.88,56,90,1.99,overcast clouds
348,Vestmannaeyjar,IS,63.4427,-20.2734,41.13,68,95,27.74,overcast clouds
349,Calvia,ES,39.5657,2.5062,63.0,63,0,8.05,clear sky
350,Cap Malheureux,MU,-19.9842,57.6142,78.01,78,4,4.0,moderate rain
351,Houma,US,29.5958,-90.7195,48.99,81,90,19.57,overcast clouds
352,Kang,BW,-23.6752,22.7876,67.93,90,97,7.54,overcast clouds
353,Coquimbo,CL,-29.9533,-71.3436,68.0,64,20,12.66,few clouds
354,Berlevag,NO,70.8578,29.0864,30.2,59,75,23.02,snow
355,Sharya,RU,58.3686,45.5144,7.09,94,100,8.93,overcast clouds
356,Los Llanos De Aridane,ES,28.6585,-17.9182,60.8,48,20,13.8,few clouds
357,Wukari,NG,7.85,9.7833,83.1,15,21,6.08,few clouds
358,Berlin,DE,52.5244,13.4105,32.0,93,90,10.36,light snow
359,College,US,64.8569,-147.8028,-8.0,76,75,6.91,broken clouds
360,Tacuarembo,UY,-31.7333,-55.9833,74.52,55,0,8.39,clear sky
361,Kathu,TH,7.9178,98.3332,78.8,73,20,9.22,few clouds
362,Nurota,UZ,40.5614,65.6886,51.8,35,99,9.22,overcast clouds
363,Bengkulu,ID,-3.8004,102.2655,75.88,85,78,4.88,broken clouds
364,Kiunga,PG,-6.1219,141.2906,73.72,96,100,1.5,overcast clouds
365,Shumskiy,RU,54.8318,99.1328,3.74,90,99,3.02,overcast clouds
366,Inhambane,MZ,-23.865,35.3833,79.61,86,89,8.88,overcast clouds
367,Mushie,CD,-3.0167,16.9,77.36,79,93,3.38,light rain
368,Whangamata,NZ,-37.2,175.8667,68.0,59,89,7.0,overcast clouds
369,Bekhtery,UA,46.251,32.2927,32.0,80,0,6.71,clear sky
370,Puerto Ayacucho,VE,5.6639,-67.6236,92.71,46,77,2.75,broken clouds
371,Olinda,BR,-8.0089,-34.8553,82.4,61,20,8.05,few clouds
372,Roebourne,AU,-20.7833,117.1333,79.05,80,1,8.14,clear sky
373,Mankono,CI,8.0586,-6.1897,84.07,34,72,3.94,broken clouds
374,Santa Cruz Del Sur,CU,20.7147,-77.9956,81.32,54,1,5.21,clear sky
375,Montepuez,MZ,-13.1256,38.9997,70.68,98,100,2.68,overcast clouds
376,Pangai,TO,-19.8,-174.35,80.6,94,75,2.3,light rain
377,Fortuna,US,40.5982,-124.1573,55.0,87,1,12.66,clear sky
378,Sol-Iletsk,RU,51.1631,54.9918,33.84,93,100,13.69,overcast clouds
379,Tazovskiy,RU,67.4667,78.7,-36.29,82,37,3.18,scattered clouds
380,Junqueiropolis,BR,-21.5147,-51.4336,78.89,70,0,8.03,clear sky
381,Ciudad Bolivar,VE,8.1222,-63.5497,90.64,41,100,13.78,overcast clouds
382,Cockburn Town,TC,21.4612,-71.1419,80.6,69,40,13.8,scattered clouds
383,Kholm,RU,59.2667,32.85,4.93,93,100,7.38,overcast clouds
384,Pangnirtung,CA,66.1451,-65.7125,14.0,79,90,5.75,snow
385,Darnah,LY,32.767,22.6367,59.47,68,3,7.02,clear sky
386,Tecoanapa,MX,16.5167,-98.75,82.9,63,27,10.6,scattered clouds
387,San Vicente,AR,-26.6167,-54.1333,75.85,41,0,6.85,clear sky
388,Biak,ID,-0.9131,122.8766,76.78,81,100,8.66,overcast clouds
389,Praia,CV,14.9215,-23.5087,69.8,68,75,16.11,broken clouds
390,Volkach,DE,49.8667,10.2333,42.01,96,100,3.31,overcast clouds
391,Grindavik,IS,63.8424,-22.4338,35.6,87,75,19.57,broken clouds
392,Lefka,CY,35.1106,32.8506,55.99,76,0,6.91,light rain
393,Nome,US,64.5011,-165.4064,14.0,85,90,31.07,light snow
394,Taikang,CN,46.8333,124.4167,-3.05,89,100,6.62,overcast clouds
395,Limon,CR,10.0,-83.0333,82.4,74,0,5.75,clear sky
396,Atambua,ID,-9.1061,124.8925,74.05,90,100,2.59,overcast clouds
397,Gouyave,GD,12.1646,-61.7296,84.2,61,20,23.02,few clouds
398,Assiniboia,CA,49.6334,-105.9845,-7.6,64,100,13.8,overcast clouds
399,Muros,ES,42.7762,-9.0603,53.01,74,100,10.0,overcast clouds
400,Port-Gentil,GA,-0.7193,8.7815,80.6,89,20,6.91,moderate rain
401,Isakly,RU,54.1333,51.5333,26.92,98,100,14.34,light snow
402,Gizo,SB,-8.103,156.8419,83.32,74,19,10.0,light rain
403,Constitucion,CL,-35.3333,-72.4167,64.31,71,36,5.32,scattered clouds
404,Burgeo,CA,47.6167,-57.6152,33.87,92,100,20.6,overcast clouds
405,Verkhoyansk,RU,67.5447,133.385,-32.91,80,99,1.88,overcast clouds
406,Tibati,CM,6.4667,12.6333,73.58,21,45,6.33,scattered clouds
407,Sompeta,IN,18.9333,84.6,67.55,53,0,3.53,clear sky
408,Bure,ET,10.7,37.0667,55.04,40,0,4.99,clear sky
409,Suleja,NG,9.1758,7.1808,86.0,35,0,4.61,clear sky
410,Palestine,PS,31.9216,35.2033,61.0,94,20,3.44,few clouds
411,Avera,US,33.194,-82.5271,57.2,54,1,9.22,clear sky
412,Caxito,AO,-8.5785,13.6643,78.8,83,20,8.05,few clouds
413,Cody,US,44.5263,-109.0565,35.01,51,20,9.22,few clouds
414,Birao,CF,10.2849,22.7882,75.9,18,64,11.14,broken clouds
415,Bridlington,GB,54.0831,-0.1919,43.0,91,36,4.0,scattered clouds
416,San Isidro,PE,-12.1167,-77.05,75.0,73,75,12.66,broken clouds
417,Sueyoshi,JP,31.65,131.0167,48.2,93,75,5.75,light rain
